Timestamp,EAR,MAR,Face_Detected,Drowsy_Alert,Yawn_Alert,Event
2025-12-10 14:31:42,0.2565,0.3176,True,False,False,periodic
2025-12-10 14:31:43,0.0696,0.2915,True,False,False,periodic
2025-12-10 14:31:44,0.0637,0.2973,True,True,False,DROWSY_START
2025-12-10 14:31:44,0.2604,0.2971,True,False,False,DROWSY_END
2025-12-10 14:31:45,0.2816,0.2762,True,False,False,periodic
2025-12-10 14:31:46,0.2736,0.3046,True,False,False,periodic
2025-12-10 14:31:47,0.2484,0.3033,True,False,False,periodic
2025-12-10 14:31:48,0.1001,0.3204,True,True,False,DROWSY_START
2025-12-10 14:31:49,0.2252,0.3201,True,True,False,periodic
2025-12-10 14:31:49,0.2601,0.2919,True,False,False,DROWSY_END
2025-12-10 14:31:50,0.2613,0.4491,True,False,False,periodic
2025-12-10 14:31:51,0.1557,0.9261,True,False,False,periodic
2025-12-10 14:31:52,0.2012,1.0668,True,True,False,DROWSY_START
2025-12-10 14:31:53,0.1835,0.8806,True,True,False,periodic
2025-12-10 14:31:54,0.1312,0.7515,True,True,False,periodic
2025-12-10 14:31:55,0.0972,0.8302,True,True,False,periodic
2025-12-10 14:31:56,0.1109,0.7518,True,True,False,periodic
2025-12-10 14:31:57,0.1536,0.6072,True,True,False,periodic
2025-12-10 14:31:58,0.2143,0.3346,True,True,False,periodic
2025-12-10 14:31:58,0.2689,0.357,True,False,False,DROWSY_END
2025-12-10 14:31:59,0.3085,0.4023,True,False,False,periodic
2025-12-10 14:32:00,0.2508,0.2767,True,False,False,periodic
2025-12-10 14:32:02,0.064,0.266,True,True,False,DROWSY_START
2025-12-10 14:32:02,0.2851,0.3002,True,False,False,DROWSY_END
2025-12-10 14:32:03,0.3109,0.2769,True,False,False,periodic
2025-12-10 14:32:04,0.0767,0.2838,True,False,False,periodic
2025-12-10 14:32:05,0.0636,0.2788,True,True,False,DROWSY_START
2025-12-10 14:32:05,0.2899,0.2787,True,False,False,DROWSY_END
2025-12-10 14:32:06,0.3067,0.2671,True,False,False,periodic
2025-12-10 14:32:07,0.0701,0.2751,True,False,False,periodic
2025-12-10 14:32:08,0.0586,0.2682,True,True,False,DROWSY_START
2025-12-10 14:32:08,0.2724,0.2902,True,False,False,DROWSY_END
2025-12-10 14:32:09,0.2267,0.2829,True,False,False,periodic
2025-12-10 14:32:10,0.2132,0.2919,True,False,False,periodic
2025-12-10 14:32:11,0.1738,0.2697,True,True,False,DROWSY_START
2025-12-10 14:32:11,0,0,False,False,False,DROWSY_END
2025-12-10 14:32:12,0.2138,0.2191,True,True,False,DROWSY_START
2025-12-10 14:32:12,0.2949,0.2465,True,False,False,DROWSY_END
2025-12-10 14:32:13,0.2371,0.2055,True,False,False,periodic
2025-12-10 14:32:14,0.2407,0.2181,True,False,False,periodic
2025-12-10 14:32:15,0.1161,0.2188,True,False,False,periodic
2025-12-10 14:32:17,0.0994,0.1939,True,True,False,DROWSY_START
2025-12-10 14:32:17,0.2544,0.2148,True,False,False,DROWSY_END
2025-12-10 14:32:17,0.0442,0.2153,True,False,False,periodic
2025-12-10 14:32:18,0.3159,0.2677,True,False,False,periodic
2025-12-10 14:32:19,0.1659,0.2905,True,False,False,periodic
2025-12-10 14:32:21,0.07,0.267,True,True,False,DROWSY_START
2025-12-10 14:32:21,0.2385,0.2829,True,True,False,periodic
2025-12-10 14:32:21,0.262,0.2673,True,False,False,DROWSY_END
2025-12-10 14:32:22,0.234,0.286,True,False,False,periodic
2025-12-10 14:32:23,0.0455,0.2601,True,False,False,periodic
2025-12-10 14:32:25,0.0628,0.2695,True,True,False,DROWSY_START
2025-12-10 14:32:25,0.2568,0.2753,True,False,False,DROWSY_END
2025-12-10 14:32:25,0.2721,0.298,True,False,False,periodic
2025-12-10 14:32:26,0.2716,0.2957,True,False,False,periodic
2025-12-10 14:32:27,0.1967,0.2757,True,False,False,periodic
2025-12-10 14:32:28,0.2064,0.3002,True,True,False,DROWSY_START
2025-12-10 14:35:38,0.2387,0.255,True,False,False,periodic
2025-12-10 14:35:39,0.0909,0.268,True,False,False,periodic
2025-12-10 14:35:40,0.064,0.2855,True,False,False,periodic
2025-12-10 14:35:42,0.0361,0.2491,True,True,False,DROWSY_START
2025-12-10 14:35:42,0.2648,0.2838,True,False,False,DROWSY_END
2025-12-10 14:35:42,0.252,0.2715,True,False,False,periodic
2025-12-10 14:35:43,0.2659,0.2966,True,False,False,periodic
2025-12-10 14:35:44,0.0362,0.2908,True,False,False,periodic
2025-12-10 14:35:45,0.0546,0.2681,True,False,False,periodic
2025-12-10 14:35:47,0.059,0.2713,True,True,False,DROWSY_START
2025-12-10 14:35:47,0.264,0.275,True,False,False,DROWSY_END
2025-12-10 14:35:47,0.2828,0.2786,True,False,False,periodic
2025-12-10 14:35:48,0.1232,0.8837,True,False,False,periodic
2025-12-10 14:35:49,0.1278,0.8271,True,False,False,periodic
2025-12-10 14:35:50,0.0816,0.8735,True,True,False,DROWSY_START
2025-12-10 14:35:51,0.0775,0.3442,True,True,False,periodic
2025-12-10 14:35:52,0.213,0.2641,True,True,False,periodic
2025-12-10 14:35:53,0.1907,0.5135,True,True,False,periodic
2025-12-10 14:35:54,0.1469,0.8045,True,True,False,periodic
2025-12-10 14:35:55,0.2054,0.8312,True,True,False,periodic
2025-12-10 14:35:56,0.2394,0.3975,True,True,False,periodic
2025-12-10 14:35:57,0.202,0.6987,True,True,False,periodic
2025-12-10 14:35:58,0.1563,0.7206,True,True,False,periodic
2025-12-10 14:35:59,0.2012,0.2631,True,True,False,periodic
2025-12-10 14:36:00,0.2625,0.2657,True,False,False,DROWSY_END
2025-12-10 14:36:00,0.2714,0.4661,True,False,False,periodic
2025-12-10 14:36:01,0.1858,0.9959,True,False,False,periodic
2025-12-10 14:36:02,0.163,0.2761,True,False,False,periodic
2025-12-10 14:36:03,0.1772,0.2569,True,True,False,DROWSY_START
2025-12-10 14:36:03,0.2693,0.2863,True,False,False,DROWSY_END
2025-12-10 14:36:04,0.2672,0.2885,True,False,False,periodic
2025-12-10 14:36:05,0.0585,0.2642,True,False,False,periodic
2025-12-10 14:36:06,0.0529,0.2939,True,False,False,periodic
2025-12-10 14:36:07,0.0413,0.3004,True,True,False,DROWSY_START
2025-12-10 14:36:07,0.254,0.2898,True,False,False,DROWSY_END
2025-12-10 14:36:08,0.1013,0.2519,True,False,False,periodic
2025-12-10 14:36:09,0.1814,0.2618,True,False,False,periodic
2025-12-10 14:36:10,0.2262,0.2543,True,True,False,DROWSY_START
2025-12-10 14:36:10,0.2527,0.2485,True,False,False,DROWSY_END
2025-12-10 14:36:11,0.2474,0.2869,True,False,False,periodic
2025-12-10 14:36:12,0.2436,0.2781,True,False,False,periodic
2025-12-10 14:36:13,0.2015,0.2466,True,False,False,periodic
2025-12-10 14:36:14,0.1205,0.2609,True,False,False,periodic
2025-12-10 14:36:15,0.1069,0.2567,True,True,False,DROWSY_START
2025-12-10 14:36:16,0.125,0.2708,True,True,False,periodic
2025-12-10 14:36:17,0.2006,0.2679,True,True,False,periodic
2025-12-10 14:36:18,0.211,0.263,True,True,False,periodic
2025-12-10 14:36:19,0.1443,0.2782,True,True,False,periodic
2025-12-10 14:41:59,0.2247,0.2841,True,False,False,periodic
2025-12-10 14:42:00,0.2298,0.2877,True,False,False,periodic
2025-12-10 14:42:01,0.045,0.2836,True,False,False,periodic
2025-12-10 14:42:02,0.0495,0.2589,True,True,False,DROWSY_START
2025-12-10 14:42:02,0.0392,0.3054,True,True,False,periodic
2025-12-10 14:42:03,0.2281,0.2857,True,True,False,periodic
2025-12-10 14:42:04,0.2511,0.3063,True,False,False,DROWSY_END
2025-12-10 14:42:04,0.0777,0.2685,True,False,False,periodic
2025-12-10 14:42:05,0.0658,0.2703,True,False,False,periodic
2025-12-10 14:42:06,0.0428,0.2877,True,True,False,DROWSY_START
2025-12-10 14:42:06,0.0562,0.2851,True,True,False,periodic
2025-12-10 14:42:07,0.1789,0.2602,True,True,False,periodic
2025-12-10 14:42:08,0.1853,0.512,True,True,False,periodic
2025-12-10 14:42:09,0.1111,0.8094,True,True,True,YAWN_START
2025-12-10 14:42:10,0.1094,0.9329,True,True,True,periodic
2025-12-10 14:42:11,0.2288,0.7048,True,True,True,periodic
2025-12-10 14:42:11,0.2833,0.7217,True,False,True,DROWSY_END
2025-12-10 14:42:12,0.3464,0.6325,True,False,True,periodic
2025-12-10 14:42:13,0.2992,0.6862,True,False,True,periodic
2025-12-10 14:42:13,0.2374,0.5741,True,False,False,YAWN_END
2025-12-10 14:42:14,0.2099,0.2705,True,False,False,periodic
2025-12-10 14:42:15,0.1673,0.2611,True,False,False,periodic
2025-12-10 14:42:15,0.1685,0.2536,True,True,False,DROWSY_START
2025-12-10 14:42:16,0.1729,0.2654,True,True,False,periodic
2025-12-10 14:42:17,0.1699,0.2669,True,True,False,periodic
2025-12-10 14:43:03,0.3759,0.3017,True,False,False,periodic
2025-12-10 14:43:04,0.0519,0.3021,True,False,False,periodic
2025-12-10 14:43:05,0.0907,0.3027,True,False,False,periodic
2025-12-10 14:43:05,0.0405,0.2751,True,True,False,DROWSY_START
2025-12-10 14:43:06,0.0631,0.2867,True,True,False,periodic
2025-12-10 14:43:06,0.2589,0.3093,True,False,False,DROWSY_END
2025-12-10 14:43:07,0.2639,0.2972,True,False,False,periodic
2025-12-10 14:43:08,0.2823,0.2829,True,False,False,periodic
2025-12-10 14:43:09,0.2003,0.5066,True,False,False,periodic
2025-12-10 14:43:10,0.1085,0.8218,True,False,False,periodic
2025-12-10 14:43:10,0.0955,0.7974,True,False,True,YAWN_START
2025-12-10 14:43:10,0.1447,0.8194,True,True,True,DROWSY_START
2025-12-10 14:43:11,0.0965,0.8952,True,True,True,periodic
2025-12-10 14:43:12,0.1639,0.8336,True,True,True,periodic
2025-12-10 14:43:12,0.2532,0.9265,True,False,True,DROWSY_END
2025-12-10 14:43:13,0.2441,1.0261,True,False,True,periodic
2025-12-10 14:43:14,0.2286,0.9636,True,False,True,periodic
2025-12-10 14:43:15,0.1523,1.0438,True,False,True,periodic
2025-12-10 14:43:15,0.1444,1.0292,True,True,True,DROWSY_START
2025-12-10 14:43:16,0.1001,1.0667,True,True,True,periodic
2025-12-10 14:46:18,0.2303,0.2651,True,False,False,periodic
2025-12-10 14:46:19,0.2054,0.2731,True,False,False,periodic
2025-12-10 14:46:20,0.0663,0.3063,True,False,False,periodic
2025-12-10 14:46:22,0.0542,0.2659,True,True,False,DROWSY_START
2025-12-10 14:46:22,0.1302,0.2834,True,True,False,periodic
2025-12-10 14:46:23,0.2567,0.2599,True,False,False,DROWSY_END
2025-12-10 14:46:23,0.2603,0.2588,True,False,False,periodic
2025-12-10 14:46:24,0.2476,0.2808,True,False,False,periodic
2025-12-10 14:46:25,0.1653,0.2754,True,False,False,periodic
2025-12-10 14:46:26,0.0223,0.2614,True,True,False,DROWSY_START
2025-12-10 14:46:27,0.2527,0.2735,True,False,False,DROWSY_END
2025-12-10 14:46:27,0.2433,0.2718,True,False,False,periodic
2025-12-10 14:46:28,0.2102,0.6056,True,False,False,periodic
2025-12-10 14:46:29,0.1069,0.8667,True,False,False,periodic
2025-12-10 14:46:30,0.1406,0.8472,True,True,False,DROWSY_START
2025-12-10 14:46:31,0.2315,0.8277,True,True,False,periodic
2025-12-10 14:46:31,0.265,0.8561,True,False,False,DROWSY_END
2025-12-10 14:46:32,0.2995,0.8809,True,False,False,periodic
2025-12-10 14:46:33,0.3117,0.7232,True,False,False,periodic
2025-12-10 14:46:34,0.2914,0.2471,True,False,False,periodic
2025-12-10 14:46:35,0.2429,0.6005,True,False,False,periodic
2025-12-10 14:46:36,0.2522,0.7697,True,False,False,periodic
2025-12-10 14:46:37,0.1951,0.7457,True,False,False,periodic
2025-12-10 14:46:38,0.2479,0.2553,True,False,False,periodic
2025-12-10 14:46:39,0.226,0.2618,True,True,False,DROWSY_START
2025-12-10 14:46:39,0.2513,0.3404,True,False,False,DROWSY_END
2025-12-10 14:46:40,0.1901,0.3211,True,False,False,periodic
2025-12-10 14:47:57,0.2239,0.2879,True,False,False,periodic
2025-12-10 14:47:58,0.2898,0.2544,True,False,False,periodic
2025-12-10 14:47:59,0.0452,0.2598,True,False,False,periodic
2025-12-10 14:48:00,0.0868,0.2477,True,False,False,periodic
2025-12-10 14:48:02,0.0467,0.2486,True,True,False,DROWSY_START
2025-12-10 14:48:02,0.2562,0.2805,True,False,False,DROWSY_END
2025-12-10 14:48:02,0.2905,0.2924,True,False,False,periodic
2025-12-10 14:48:03,0.2573,0.2732,True,False,False,periodic
2025-12-10 14:48:04,0.2242,0.4137,True,False,False,periodic
2025-12-10 14:48:05,0.2053,0.2988,True,False,False,periodic
2025-12-10 14:48:07,0.1699,0.2915,True,True,False,DROWSY_START
2025-12-10 14:48:07,0.2323,0.3609,True,True,False,periodic
2025-12-10 14:48:08,0.2609,0.338,True,False,False,DROWSY_END
2025-12-10 14:48:08,0.2469,0.2883,True,False,False,periodic
2025-12-10 14:48:09,0.2709,0.3208,True,False,False,periodic
2025-12-10 14:48:10,0.2322,0.2987,True,False,False,periodic
2025-12-10 14:48:11,0.2201,0.323,True,False,False,periodic
2025-12-10 14:48:13,0.2339,0.3352,True,True,False,DROWSY_START
2025-12-10 14:48:13,0.2085,0.3276,True,True,False,periodic
2025-12-10 14:48:14,0.2522,0.3271,True,False,False,DROWSY_END
2025-12-10 14:48:14,0.2332,0.3351,True,False,False,periodic
2025-12-10 14:48:15,0.2237,0.3468,True,False,False,periodic
2025-12-10 14:48:16,0.2573,0.3454,True,False,False,periodic
2025-12-10 14:48:17,0.2515,0.3279,True,False,False,periodic
2025-12-10 14:48:18,0.0706,0.331,True,False,False,periodic
2025-12-10 14:48:19,0.1211,0.3224,True,False,False,periodic
2025-12-10 14:48:21,0.0342,0.3231,True,True,False,DROWSY_START
2025-12-10 14:48:21,0.2082,0.3267,True,True,False,periodic
2025-12-10 14:48:21,0.2559,0.3345,True,False,False,DROWSY_END
2025-12-10 14:48:22,0.2563,0.3058,True,False,False,periodic
2025-12-10 14:48:23,0.2559,0.3125,True,False,False,periodic
2025-12-10 14:48:24,0.1813,0.8434,True,False,False,periodic
2025-12-10 14:48:25,0.1055,0.8385,True,False,False,periodic
2025-12-10 14:48:26,0.1209,0.8153,True,True,False,DROWSY_START
2025-12-10 14:48:27,0.0966,1.0063,True,True,False,periodic
2025-12-10 14:48:28,0.269,1.0635,True,False,False,DROWSY_END
2025-12-10 14:48:28,0.2953,0.9755,True,False,False,periodic
2025-12-10 14:48:29,0.2107,0.8841,True,False,False,periodic
2025-12-10 14:48:30,0.1743,0.7351,True,False,False,periodic
2025-12-10 14:48:32,0.2016,0.3039,True,True,False,DROWSY_START
2025-12-10 14:48:32,0.1871,0.3372,True,True,False,periodic
2025-12-10 14:48:33,0.0924,0.2492,True,True,False,periodic
2025-12-10 14:50:15,0.2986,0.2922,True,False,False,periodic
2025-12-10 14:50:16,0.3514,0.3137,True,False,False,periodic
2025-12-10 14:50:17,0.061,0.3004,True,False,False,periodic
2025-12-10 14:50:18,0.0544,0.2662,True,False,False,periodic
2025-12-10 14:50:19,0.0337,0.2839,True,True,False,DROWSY_START
2025-12-10 14:50:19,0.0578,0.2864,True,True,False,periodic
2025-12-10 14:50:20,0.264,0.3176,True,False,False,DROWSY_END
2025-12-10 14:50:20,0.2793,0.2868,True,False,False,periodic
2025-12-10 14:50:21,0.2305,0.2862,True,False,False,periodic
2025-12-10 14:50:22,0.1811,0.2858,True,False,False,periodic
2025-12-10 14:50:23,0.0522,0.3165,True,True,False,DROWSY_START
2025-12-10 14:50:23,0.0462,0.2829,True,True,False,periodic
2025-12-10 14:50:24,0.2097,0.3043,True,True,False,periodic
2025-12-10 14:50:25,0.2145,0.6118,True,True,False,periodic
2025-12-10 14:50:26,0.1802,0.7544,True,True,True,YAWN_START
2025-12-10 14:50:26,0.1802,0.7905,True,True,True,periodic
2025-12-10 14:50:27,0.2115,0.8143,True,True,True,periodic
2025-12-10 14:50:28,0.2654,0.8599,True,False,True,DROWSY_END
2025-12-10 14:50:28,0.2756,0.8978,True,False,True,periodic
2025-12-10 14:50:29,0.2707,0.6585,True,False,True,periodic
2025-12-10 14:50:30,0.2583,0.6417,True,False,True,periodic
2025-12-10 14:50:31,0.2406,0.7175,True,False,True,periodic
2025-12-11 15:36:36,0.2415,0.3163,True,False,False,periodic
2025-12-11 15:36:37,0.2473,0.2711,True,False,False,periodic
2025-12-11 15:36:38,0.1145,0.291,True,False,False,periodic
2025-12-11 15:36:39,0.0662,0.2937,True,True,False,DROWSY_START
2025-12-11 15:36:39,0.0781,0.2878,True,True,False,periodic
2025-12-11 15:36:40,0.1825,0.2908,True,True,False,periodic
2025-12-11 15:36:41,0.1334,0.3148,True,True,False,periodic
2025-12-11 15:36:42,0.1686,0.8525,True,True,False,periodic
2025-12-11 15:36:43,0.1478,0.9643,True,True,True,YAWN_START
2025-12-11 15:36:43,0.1485,0.9912,True,True,True,periodic
2025-12-11 15:36:44,0.1922,0.8287,True,True,True,periodic
2025-12-11 15:36:45,0.2666,0.7722,True,False,True,DROWSY_END
2025-12-11 15:36:45,0.259,0.5156,True,False,False,YAWN_END
2025-12-11 15:36:45,0.2704,0.4098,True,False,False,periodic
2025-12-11 15:36:46,0.0776,0.2506,True,False,False,periodic
2025-12-11 15:36:47,0.3079,0.574,True,False,False,periodic
2025-12-11 15:36:48,0.0648,0.7675,True,False,False,periodic
2025-12-11 15:36:49,0.2298,0.7515,True,False,True,YAWN_START
2025-12-11 15:36:49,0.2316,0.7188,True,False,True,periodic
2025-12-11 15:36:49,0.2318,0.6915,True,True,True,DROWSY_START
2025-12-11 15:36:50,0.256,0.5733,True,False,False,YAWN_END
2025-12-11 15:36:50,0.2343,0.2679,True,False,False,periodic
2025-12-11 15:36:51,0.2603,0.2793,True,False,False,periodic
2025-12-11 15:38:42,0.1325,0.3365,True,False,False,periodic
2025-12-11 15:38:43,0.2961,0.2778,True,False,False,periodic
2025-12-11 15:38:44,0.0527,0.2667,True,False,False,periodic
2025-12-11 15:38:45,0.3041,0.2666,True,False,False,periodic
2025-12-11 15:38:46,0.2375,0.2655,True,False,False,periodic
2025-12-11 15:38:47,0.2958,0.2609,True,False,False,periodic
2025-12-11 15:38:48,0.3391,0.2975,True,False,False,periodic
2025-12-11 15:38:49,0.1072,0.3252,True,False,False,periodic
2025-12-11 15:38:50,0.0289,0.3004,True,False,False,periodic
2025-12-11 15:38:51,0.0324,0.3103,True,True,False,DROWSY_START
2025-12-11 15:38:51,0.329,0.3153,True,False,False,DROWSY_END
2025-12-11 15:38:52,0.3003,0.3369,True,False,False,periodic
2025-12-11 15:38:53,0.0327,0.2792,True,False,False,periodic
2025-12-11 15:38:54,0.0523,0.2833,True,False,False,periodic
2025-12-11 15:38:55,0.0564,0.2853,True,True,False,DROWSY_START
2025-12-11 15:38:55,0.2623,0.3014,True,False,False,DROWSY_END
2025-12-11 15:38:56,0.2446,0.3541,True,False,False,periodic
2025-12-11 15:38:57,0.2274,0.6999,True,False,False,periodic
2025-12-11 15:38:58,0.2205,0.9072,True,False,False,periodic
2025-12-11 15:38:59,0.2244,0.9386,True,True,False,DROWSY_START
2025-12-11 15:38:59,0.2082,0.6236,True,True,False,periodic
2025-12-11 15:39:00,0.2516,0.6123,True,False,False,DROWSY_END
2025-12-11 15:39:00,0.2306,0.7218,True,False,False,periodic
2025-12-11 15:39:01,0.224,0.2514,True,False,False,periodic
2025-12-11 15:39:03,0.2187,0.6549,True,True,False,DROWSY_START
2025-12-11 15:39:03,0.2284,0.9802,True,True,False,periodic
2025-12-11 15:39:04,0.2183,0.8716,True,True,False,periodic
2025-12-11 15:39:05,0.2783,0.3335,True,False,False,DROWSY_END
2025-12-11 15:39:05,0.2951,0.3317,True,False,False,periodic
2025-12-11 15:39:06,0.0926,0.3126,True,False,False,periodic
2025-12-11 15:39:07,0.3402,0.6169,True,False,False,periodic
2025-12-11 15:39:08,0.2873,0.7075,True,False,False,periodic
2025-12-11 15:39:09,0.2752,0.7372,True,False,False,periodic
2025-12-11 15:39:10,0.2552,0.7717,True,False,False,periodic
2025-12-11 15:39:11,0.258,0.2742,True,False,False,periodic
2025-12-11 15:39:12,0.2231,0.2494,True,False,False,periodic
2025-12-11 15:39:13,0.2867,0.3086,True,False,False,periodic
2025-12-11 15:39:14,0.2869,0.3199,True,False,False,periodic
2025-12-11 15:39:15,0.2216,0.6344,True,False,False,periodic
2025-12-11 15:39:16,0.2087,0.67,True,False,False,periodic
2025-12-11 15:39:17,0.1981,0.7376,True,False,False,periodic
2025-12-11 15:39:19,0.1974,0.7086,True,True,False,DROWSY_START
2025-12-11 15:39:19,0.2743,0.5048,True,False,False,DROWSY_END
2025-12-11 15:39:19,0.2728,0.4887,True,False,False,periodic
2025-12-11 15:39:20,0.2753,0.2393,True,False,False,periodic
2025-12-11 15:39:21,0.237,0.3043,True,False,False,periodic
2025-12-11 15:39:22,0.2262,0.2598,True,False,False,periodic
2025-12-11 15:39:23,0.2236,0.2253,True,False,False,periodic
2025-12-11 15:43:57,0.226,0.2944,True,False,False,periodic
2025-12-11 15:43:58,0.213,0.3079,True,False,False,periodic
2025-12-11 15:43:59,0.2561,0.2947,True,False,False,periodic
2025-12-11 15:44:00,0.0792,0.2844,True,False,False,periodic
2025-12-11 15:44:01,0.1743,0.3099,True,False,False,periodic
2025-12-11 15:44:02,0.1995,0.298,True,False,False,periodic
2025-12-11 15:44:03,0.2033,0.6004,True,False,False,periodic
2025-12-11 15:44:04,0.1762,0.8771,True,True,False,DROWSY_START
2025-12-11 15:44:05,0.1814,0.9499,True,True,True,YAWN_START
2025-12-11 15:44:05,0.1918,0.9333,True,True,True,periodic
2025-12-11 15:44:06,0.0713,0.5609,True,True,False,YAWN_END
2025-12-11 15:44:06,0.165,0.5052,True,True,False,periodic
2025-12-11 15:44:07,0.1714,0.3056,True,True,False,periodic
2025-12-11 15:44:08,0.2208,0.7737,True,True,False,periodic
2025-12-11 15:44:08,0.2744,0.7594,True,False,False,DROWSY_END
2025-12-11 15:44:09,0.3513,0.7826,True,False,True,YAWN_START
2025-12-11 15:44:09,0.2457,0.8328,True,False,True,periodic
2025-12-11 15:44:10,0.2384,0.552,True,False,False,YAWN_END
2025-12-11 15:44:10,0.0288,0.3596,True,False,False,periodic
2025-12-11 15:44:11,0.2273,0.2723,True,False,False,periodic
2025-12-11 15:44:13,0.0485,0.2626,True,True,False,DROWSY_START
2025-12-11 15:44:13,0.055,0.2584,True,True,False,periodic
2025-12-11 15:44:14,0.1726,0.2657,True,True,False,periodic
2025-12-11 15:44:15,0.0555,0.2647,True,True,False,periodic
2025-12-11 15:44:16,0.031,0.2798,True,True,False,periodic
2025-12-11 15:44:17,0.1961,0.2662,True,True,False,periodic
2025-12-11 15:44:18,0.0476,0.2821,True,True,False,periodic
2025-12-11 15:44:19,0.044,0.2702,True,True,False,periodic
2025-12-11 15:44:20,0.0556,0.2795,True,True,False,periodic
2025-12-11 15:44:21,0.1551,0.2831,True,True,False,periodic
2025-12-11 15:44:21,0.2684,0.2675,True,False,False,DROWSY_END
2025-12-11 15:44:22,0.2307,0.2975,True,False,False,periodic
2025-12-11 15:44:23,0.2115,0.3172,True,False,False,periodic
2025-12-11 15:44:24,0.2289,0.2848,True,True,False,DROWSY_START
2025-12-11 15:44:24,0.2028,0.3143,True,True,False,periodic
2025-12-11 15:44:25,0.1898,0.303,True,True,False,periodic
2025-12-11 15:44:26,0.2339,0.2854,True,True,False,periodic
2025-12-11 15:44:27,0.2573,0.3064,True,False,False,DROWSY_END
2025-12-11 15:44:27,0.0414,0.2841,True,False,False,periodic
2025-12-11 15:44:28,0.0429,0.2761,True,False,False,periodic
2025-12-11 15:44:29,0.0543,0.2761,True,True,False,DROWSY_START
2025-12-11 15:44:30,0.2538,0.288,True,False,False,DROWSY_END
2025-12-11 15:44:30,0.2432,0.2946,True,False,False,periodic
2025-12-11 15:44:31,0.2556,0.2867,True,False,False,periodic
2025-12-11 15:44:32,0.2449,0.2975,True,False,False,periodic
2025-12-11 15:44:33,0.0408,0.2874,True,False,False,periodic
2025-12-11 15:44:34,0.0503,0.2867,True,False,False,periodic
2025-12-11 15:44:34,0.0443,0.2869,True,True,False,DROWSY_START
2025-12-11 15:44:35,0.2028,0.2965,True,True,False,periodic
2025-12-11 15:44:36,0.2731,0.2745,True,False,False,DROWSY_END
2025-12-11 15:44:36,0.2468,0.5382,True,False,False,periodic
2025-12-11 15:44:37,0.2108,0.7886,True,False,False,periodic
2025-12-11 15:44:38,0.2022,0.8447,True,False,True,YAWN_START
2025-12-11 15:44:39,0.2069,0.5011,True,False,False,YAWN_END
2025-12-11 15:44:39,0.1826,0.369,True,False,False,periodic
2025-12-11 15:44:39,0.2099,0.2571,True,True,False,DROWSY_START
2025-12-11 15:44:40,0.2409,0.2531,True,True,False,periodic
2025-12-11 15:44:41,0.251,0.2822,True,False,False,DROWSY_END
2025-12-11 15:44:41,0.2444,0.2809,True,False,False,periodic
2025-12-11 15:44:42,0.0673,0.2876,True,False,False,periodic
2025-12-11 15:44:43,0.2048,0.2747,True,False,False,periodic
2025-12-11 15:44:44,0.1979,0.2998,True,False,False,periodic
2025-12-11 15:44:45,0.1712,0.2875,True,True,False,DROWSY_START
2025-12-11 15:47:02,0.2138,0.2808,True,True,False,DROWSY_START
2025-12-11 15:47:03,0.2524,0.2971,True,False,False,DROWSY_END
2025-12-11 15:47:03,0.2569,0.3346,True,False,False,periodic
2025-12-11 15:47:04,0.2994,0.3005,True,False,False,periodic
2025-12-11 15:47:05,0.2606,0.2977,True,False,False,periodic
2025-12-11 15:47:06,0.25,0.3178,True,False,False,periodic
2025-12-11 15:47:07,0.0314,0.267,True,False,False,periodic
2025-12-11 15:47:08,0.0316,0.291,True,False,False,periodic
2025-12-11 15:47:08,0.0163,0.297,True,True,False,DROWSY_START
2025-12-11 15:47:09,0.2519,0.3137,True,False,False,DROWSY_END
2025-12-11 15:47:09,0.2044,0.2977,True,False,False,periodic
2025-12-11 15:47:10,0.2455,0.2964,True,False,False,periodic
2025-12-11 15:47:11,0.248,0.3242,True,True,False,DROWSY_START
2025-12-11 15:47:12,0.2517,0.3002,True,False,False,DROWSY_END
2025-12-11 15:47:12,0.2431,0.3141,True,False,False,periodic
2025-12-11 15:47:13,0.2436,0.2935,True,False,False,periodic
2025-12-11 15:47:14,0.0455,0.3033,True,False,False,periodic
2025-12-11 15:47:15,0.2253,0.2516,True,False,False,periodic
2025-12-11 15:47:15,0.1844,0.2329,True,True,False,DROWSY_START
2025-12-11 15:47:16,0.2584,0.3272,True,False,False,DROWSY_END
2025-12-11 15:47:16,0.0937,0.2453,True,False,False,periodic
2025-12-11 15:47:17,0.2789,0.2849,True,False,False,periodic
2025-12-11 15:47:18,0.2596,0.2872,True,False,False,periodic
2025-12-11 15:47:19,0.2531,0.2914,True,False,False,periodic
2025-12-11 15:47:20,0.2415,0.2951,True,False,False,periodic
2025-12-11 15:47:21,0.2083,0.2999,True,False,False,periodic
2025-12-11 15:47:23,0.1937,0.5954,True,True,False,DROWSY_START
2025-12-11 15:47:23,0.2561,0.7138,True,False,False,DROWSY_END
2025-12-11 15:47:23,0.233,0.7131,True,False,False,periodic
2025-12-11 15:47:24,0.0185,0.7626,True,False,True,YAWN_START
2025-12-11 15:47:24,0.233,0.7661,True,False,True,periodic
2025-12-11 15:47:25,0.2062,0.7903,True,False,True,periodic
2025-12-11 15:47:26,0.0684,0.7812,True,True,True,DROWSY_START
2025-12-11 15:47:27,0.1388,0.5691,True,True,False,YAWN_END
2025-12-11 15:47:27,0.1971,0.4449,True,True,False,periodic
2025-12-11 15:47:28,0.2064,0.2883,True,True,False,periodic
2025-12-11 15:47:29,0.2197,0.2819,True,True,False,periodic
2025-12-11 15:47:30,0.1847,0.8489,True,True,False,periodic
2025-12-11 15:47:31,0.1668,0.9077,True,True,True,YAWN_START
2025-12-11 15:47:31,0.1386,0.783,True,True,True,periodic
2025-12-11 15:47:31,0.1726,0.5956,True,True,False,YAWN_END
2025-12-11 15:47:32,0.1778,0.3206,True,True,False,periodic
2025-12-11 15:47:33,0.1988,0.2682,True,True,False,periodic
2025-12-11 15:47:34,0.2093,0.2995,True,True,False,periodic
2025-12-11 16:00:33,0.2356,0.2894,True,False,False,periodic
2025-12-11 16:00:34,0.3223,0.3175,True,False,False,periodic
2025-12-11 16:00:35,0.1487,0.3107,True,False,False,periodic
2025-12-11 16:00:36,0.0289,0.2863,True,False,False,periodic
2025-12-11 16:00:37,0.02,0.2878,True,False,False,periodic
2025-12-11 16:00:38,0.0293,0.278,True,True,False,DROWSY_START
2025-12-11 16:00:38,0.2371,0.2987,True,True,False,periodic
2025-12-11 16:00:39,0.2515,0.2939,True,False,False,DROWSY_END
2025-12-11 16:00:39,0.2541,0.2907,True,False,False,periodic
2025-12-11 16:00:40,0.0667,0.3259,True,False,False,periodic
2025-12-11 16:00:41,0.0628,0.31,True,False,False,periodic
2025-12-11 16:00:42,0.0299,0.3029,True,True,False,DROWSY_START
2025-12-11 16:00:43,0.2337,0.3105,True,True,False,periodic
2025-12-11 16:00:44,0.2512,0.4675,True,False,False,DROWSY_END
2025-12-11 16:00:44,0.2407,0.5393,True,False,False,periodic
2025-12-11 16:00:45,0.3043,0.9031,True,False,False,periodic
2025-12-11 16:00:46,0.3006,0.9283,True,False,True,YAWN_START
2025-12-11 16:00:46,0.2372,0.685,True,False,True,periodic
2025-12-11 16:00:47,0.0613,0.5837,True,False,False,YAWN_END
2025-12-11 16:00:47,0.1975,0.3787,True,False,False,periodic
2025-12-11 16:00:49,0.0172,0.3192,True,True,False,DROWSY_START
2025-12-11 16:00:49,0.1917,0.292,True,True,False,periodic
2025-12-11 16:00:50,0.0334,0.2911,True,True,False,periodic
2025-12-11 16:00:51,0.2074,0.32,True,True,False,periodic
2025-12-11 16:00:52,0.2261,0.3006,True,True,False,periodic
2025-12-11 16:00:53,0.2164,0.3023,True,True,False,periodic
2025-12-11 16:00:54,0.017,0.2917,True,True,False,periodic
2025-12-11 16:00:55,0.2152,0.2992,True,True,False,periodic
2025-12-11 16:00:56,0.2045,0.2668,True,True,False,periodic
2025-12-11 16:00:57,0.2161,0.3022,True,True,False,periodic
2025-12-11 16:00:58,0.2111,0.2702,True,True,False,periodic
2025-12-11 16:00:59,0.2081,0.308,True,True,False,periodic
2025-12-11 16:01:00,0.1994,0.297,True,True,False,periodic
2025-12-11 16:01:01,0.2025,0.3023,True,True,False,periodic
2025-12-11 16:01:02,0.0451,0.2794,True,True,False,periodic
2025-12-11 16:01:03,0.0464,0.2991,True,True,False,periodic
2025-12-11 16:01:04,0.0364,0.2762,True,True,False,periodic
2025-12-11 16:01:05,0.0328,0.2964,True,True,False,periodic
2025-12-11 16:01:06,0.17,0.3068,True,True,False,periodic
2025-12-11 16:01:07,0.2369,0.3012,True,True,False,periodic
2025-12-11 16:01:08,0.02,0.2976,True,True,False,periodic
2025-12-11 16:01:09,0.0301,0.2787,True,True,False,periodic
2025-12-11 16:01:10,0.1956,0.3154,True,True,False,periodic
2025-12-11 16:01:10,0.2544,0.3154,True,False,False,DROWSY_END
2025-12-11 16:01:11,0.2,0.3027,True,False,False,periodic
2025-12-11 16:01:12,0.0493,0.3122,True,False,False,periodic
2025-12-11 16:01:13,0.2119,0.3064,True,True,False,DROWSY_START
2025-12-11 16:01:13,0.1922,0.3257,True,True,False,periodic
2025-12-11 16:01:14,0.1913,0.618,True,True,False,periodic
2025-12-11 16:01:16,0.164,0.9851,True,True,True,YAWN_START
2025-12-11 16:01:16,0.1615,0.9512,True,True,True,periodic
2025-12-11 16:01:17,0.1114,0.8984,True,True,True,periodic
2025-12-11 16:01:18,0.145,0.5684,True,True,False,YAWN_END
2025-12-11 16:01:18,0.1691,0.3259,True,True,False,periodic
2025-12-11 16:01:19,0.1267,0.2901,True,True,False,periodic
2025-12-11 16:01:20,0.2122,0.2986,True,True,False,periodic
2025-12-11 16:01:21,0.196,0.2972,True,True,False,periodic
2025-12-11 16:04:53,0.1134,0.3062,True,True,False,DROWSY_START
2025-12-11 16:04:53,0.2522,0.2997,True,False,False,DROWSY_END
2025-12-11 16:04:54,0.3004,0.302,True,False,False,periodic
2025-12-11 16:04:55,0.113,0.2703,True,False,False,periodic
2025-12-11 16:04:56,0.0807,0.2786,True,False,False,periodic
2025-12-11 16:04:56,0.0967,0.3006,True,True,False,DROWSY_START
2025-12-11 16:04:56,0.2526,0.2917,True,False,False,DROWSY_END
2025-12-11 16:04:57,0.1735,0.3112,True,False,False,periodic
2025-12-11 16:04:58,0.247,0.3307,True,False,False,periodic
2025-12-11 16:04:59,0.2609,0.3083,True,False,False,periodic
2025-12-11 16:05:00,0.2445,0.3208,True,False,False,periodic
2025-12-11 16:05:01,0.2628,0.3223,True,False,False,periodic
2025-12-11 16:05:02,0.2485,0.3083,True,False,False,periodic
2025-12-11 16:05:03,0.2314,0.2928,True,False,False,periodic
2025-12-11 16:05:04,0.2408,0.3171,True,False,False,periodic
2025-12-11 16:05:05,0.0698,0.297,True,False,False,periodic
2025-12-11 16:05:06,0.1041,0.3165,True,True,False,DROWSY_START
2025-12-11 16:05:06,0.0882,0.3112,True,True,False,periodic
2025-12-11 16:05:07,0.2304,0.3063,True,True,False,periodic
2025-12-11 16:05:08,0.2362,0.296,True,True,False,periodic
2025-12-11 16:05:09,0.2259,0.3056,True,True,False,periodic
2025-12-11 16:05:10,0.2325,0.2999,True,True,False,periodic
2025-12-11 16:05:11,0.2179,0.2797,True,True,False,periodic
2025-12-11 16:05:12,0.222,0.3087,True,True,False,periodic
2025-12-11 16:05:13,0.251,0.3166,True,False,False,DROWSY_END
2025-12-11 16:05:13,0.2832,0.3061,True,False,False,periodic
2025-12-11 16:05:14,0.2769,0.3056,True,False,False,periodic
2025-12-11 16:05:15,0.2378,0.3049,True,False,False,periodic
2025-12-11 16:05:16,0.2215,0.3279,True,False,False,periodic
2025-12-11 16:05:17,0.2251,0.3083,True,False,False,periodic
2025-12-11 16:05:18,0.1927,0.2976,True,True,False,DROWSY_START
2025-12-11 16:05:19,0.2287,0.3004,True,True,False,periodic
2025-12-11 16:05:19,0.2559,0.2865,True,False,False,DROWSY_END
2025-12-11 16:05:20,0.2596,0.3254,True,False,False,periodic
2025-12-11 16:05:21,0.2154,0.3171,True,False,False,periodic
2025-12-11 16:05:22,0.1459,0.3201,True,False,False,periodic
2025-12-11 16:05:23,0.2435,0.6246,True,False,False,periodic
2025-12-11 16:05:24,0.1538,0.7959,True,False,True,YAWN_START
2025-12-11 16:05:24,0.1982,0.845,True,False,True,periodic
2025-12-11 16:05:25,0.1978,0.5322,True,False,False,YAWN_END
2025-12-11 16:05:25,0.2276,0.3725,True,False,False,periodic
2025-12-11 16:05:26,0.228,0.3611,True,True,False,DROWSY_START
2025-12-11 16:05:27,0.1875,0.2964,True,True,False,periodic
2025-12-11 16:05:28,0.2326,0.2683,True,True,False,periodic
2025-12-11 16:05:28,0.2607,0.2976,True,False,False,DROWSY_END
2025-12-11 16:05:29,0.2608,0.5202,True,False,False,periodic
2025-12-11 16:05:30,0.313,0.8953,True,False,False,periodic
2025-12-11 16:05:30,0.1948,0.8224,True,False,True,YAWN_START
2025-12-11 16:05:31,0.2689,0.9414,True,False,True,periodic
2025-12-11 16:05:32,0.1997,0.7999,True,False,True,periodic
2025-12-11 16:05:32,0.195,0.5895,True,False,False,YAWN_END
2025-12-11 16:05:33,0.157,0.3668,True,False,False,periodic
2025-12-11 16:05:34,0.1537,0.3382,True,True,False,DROWSY_START
2025-12-11 16:05:35,0.2356,0.2896,True,True,False,periodic
2025-12-11 16:05:36,0.1172,0.2903,True,True,False,periodic
2025-12-11 16:05:36,0.2667,0.2592,True,False,False,DROWSY_END
2025-12-11 16:05:37,0.211,0.2804,True,False,False,periodic
2025-12-11 16:15:36,0.228,0.25,True,False,False,periodic
2025-12-11 16:15:38,0.2179,0.2493,True,True,False,DROWSY_START
2025-12-11 16:15:38,0.2931,0.1939,True,False,False,DROWSY_END
2025-12-11 16:15:39,0.293,0.2267,True,False,False,periodic
2025-12-11 16:15:40,0.2242,0.2136,True,False,False,periodic
2025-12-11 16:15:41,0.2208,0.2155,True,False,False,periodic
2025-12-11 16:15:42,0.2778,0.2069,True,False,False,periodic
2025-12-11 16:15:43,0.3496,0.2253,True,False,False,periodic
2025-12-11 16:15:44,0.3475,0.2121,True,False,False,periodic
2025-12-11 16:15:45,0.3123,0.2428,True,False,False,periodic
2025-12-11 16:15:46,0.2636,0.2254,True,False,False,periodic
2025-12-11 16:15:47,0.2805,0.237,True,False,False,periodic
2025-12-11 16:15:48,0.2187,0.238,True,False,False,periodic
2025-12-11 16:15:49,0.2557,0.2481,True,False,False,periodic
2025-12-11 16:15:50,0.2402,0.2504,True,False,False,periodic
2025-12-11 16:15:51,0.2036,0.2629,True,False,False,periodic
2025-12-11 16:15:52,0.232,0.2491,True,False,False,periodic
2025-12-11 16:15:53,0.2909,0.2798,True,False,False,periodic
2025-12-11 16:15:54,0.2669,0.3051,True,False,False,periodic
2025-12-11 16:15:55,0.0586,0.306,True,False,False,periodic
2025-12-11 16:15:56,0.1961,0.33,True,False,False,periodic
2025-12-11 16:15:57,0.2037,0.3212,True,True,False,DROWSY_START
2025-12-11 16:15:57,0.2253,0.312,True,True,False,periodic
2025-12-11 16:15:58,0.2288,0.3172,True,True,False,periodic
2025-12-11 16:15:59,0.1798,0.7601,True,True,False,periodic
2025-12-11 16:16:00,0.0246,0.9809,True,True,True,YAWN_START
2025-12-11 16:16:01,0.1622,0.9886,True,True,True,periodic
2025-12-11 16:16:02,0.1462,0.7679,True,True,True,periodic
2025-12-11 16:16:02,0.1592,0.5946,True,True,False,YAWN_END
2025-12-11 16:16:03,0.1971,0.2826,True,True,False,periodic
2025-12-11 16:16:04,0.1967,0.2848,True,True,False,periodic
2025-12-11 16:16:05,0.1686,0.8338,True,True,False,periodic
2025-12-11 16:16:05,0.1861,0.858,True,True,True,YAWN_START
2025-12-11 16:16:06,0.1803,0.8236,True,True,True,periodic
2025-12-11 16:16:06,0.2107,0.5905,True,True,False,YAWN_END
2025-12-11 16:16:07,0.1894,0.3589,True,True,False,periodic
2025-12-11 16:16:08,0.163,0.2425,True,True,False,periodic
2025-12-11 16:16:09,0.1628,0.269,True,True,False,periodic
2025-12-11 16:16:10,0.0712,0.2781,True,True,False,periodic
2025-12-11 16:16:11,0.0426,0.3548,True,True,False,periodic
2025-12-11 16:16:12,0.1734,0.7224,True,True,False,periodic
2025-12-11 16:16:13,0.1337,0.8513,True,True,True,YAWN_START
2025-12-11 16:16:13,0.1579,0.869,True,True,True,periodic
2025-12-11 16:16:14,0.15,0.5903,True,True,False,YAWN_END
2025-12-11 16:16:15,0.1373,0.2701,True,True,False,periodic
2025-12-11 16:16:16,0.0319,0.2951,True,True,False,periodic
2025-12-11 16:16:17,0.2513,0.2972,True,False,False,DROWSY_END
2025-12-11 16:16:17,0.071,0.2779,True,False,False,periodic
2025-12-11 16:16:18,0.095,0.2846,True,False,False,periodic
2025-12-11 16:16:19,0.0408,0.2708,True,False,False,periodic
2025-12-11 16:16:21,0.036,0.2716,True,True,False,DROWSY_START
2025-12-11 16:16:21,0.0367,0.2752,True,True,False,periodic
2025-12-11 16:16:22,0.2286,0.2959,True,True,False,periodic
2025-12-11 16:16:23,0.0233,0.2744,True,True,False,periodic
2025-12-11 16:16:24,0.0358,0.2864,True,True,False,periodic
2025-12-11 16:16:25,0.0485,0.2696,True,True,False,periodic
2025-12-11 16:16:26,0.0519,0.2724,True,True,False,periodic
2025-12-11 16:16:27,0.2379,0.2859,True,True,False,periodic
2025-12-11 16:16:28,0.2575,0.3011,True,False,False,DROWSY_END
2025-12-11 16:16:28,0.2306,0.292,True,False,False,periodic
2025-12-11 16:16:29,0.2606,0.2923,True,False,False,periodic
2025-12-11 16:16:30,0.0285,0.2832,True,False,False,periodic
2025-12-11 16:16:31,0.0352,0.2915,True,False,False,periodic
2025-12-11 16:16:32,0.0428,0.2932,True,True,False,DROWSY_START
2025-12-11 16:16:32,0.1962,0.2756,True,True,False,periodic
2025-12-11 16:16:33,0.2137,0.2847,True,True,False,periodic
2025-12-11 16:16:34,0.1245,0.2897,True,True,False,periodic
2025-12-11 16:16:35,0.2065,0.2807,True,True,False,periodic
2025-12-11 16:16:36,0.1823,0.2857,True,True,False,periodic
2025-12-11 16:16:37,0.1681,0.2728,True,True,False,periodic
2025-12-11 16:16:38,0.0509,0.3009,True,True,False,periodic
2025-12-11 16:16:39,0.1999,0.2722,True,True,False,periodic
2025-12-11 16:16:40,0.2202,0.2657,True,True,False,periodic
2025-12-11 16:16:41,0.2518,0.2852,True,False,False,DROWSY_END
2025-12-11 16:16:41,0.2165,0.2778,True,False,False,periodic
2025-12-11 16:16:42,0.2048,0.2813,True,False,False,periodic
2025-12-11 16:16:43,0.1604,0.2933,True,False,False,periodic
2025-12-11 16:16:44,0.2267,0.2766,True,False,False,periodic
2025-12-11 16:16:45,0.2085,0.2879,True,True,False,DROWSY_START
2025-12-11 16:16:46,0.2267,0.2786,True,True,False,periodic
2025-12-11 16:16:47,0.1961,0.2904,True,True,False,periodic
2025-12-11 16:16:48,0.213,0.3097,True,True,False,periodic
2025-12-11 16:31:53,0.137,0.2757,True,True,False,DROWSY_START
2025-12-11 16:31:54,0.0722,0.2484,True,True,False,periodic
2025-12-11 16:31:54,0.2535,0.2799,True,False,False,DROWSY_END
2025-12-11 16:31:55,0.3581,0.2758,True,False,False,periodic
2025-12-11 16:31:56,0.2365,0.2603,True,False,False,periodic
2025-12-11 16:31:57,0.055,0.2599,True,False,False,periodic
2025-12-11 16:31:59,0.0529,0.263,True,True,False,DROWSY_START
2025-12-11 16:31:59,0.0613,0.2678,True,True,False,periodic
2025-12-11 16:31:59,0.2754,0.2696,True,False,False,DROWSY_END
2025-12-11 16:32:00,0.2374,0.256,True,False,False,periodic
2025-12-11 16:32:01,0.234,0.4819,True,False,False,periodic
2025-12-11 16:32:02,0.1733,0.9712,True,False,False,periodic
2025-12-11 16:32:02,0.1979,1.0406,True,False,True,YAWN_START
2025-12-11 16:32:03,0.1849,0.6958,True,True,True,DROWSY_START
2025-12-11 16:32:03,0.1673,0.3802,True,True,False,YAWN_END
2025-12-11 16:32:04,0.2007,0.3939,True,True,False,periodic
2025-12-11 16:32:05,0.1142,0.2831,True,True,False,periodic
2025-12-11 16:32:05,0.2532,0.2776,True,False,False,DROWSY_END
2025-12-11 16:32:06,0.2387,0.2877,True,False,False,periodic
2025-12-11 16:32:07,0.2348,0.2782,True,False,False,periodic
2025-12-11 16:35:36,0.309,0.2994,True,False,False,periodic
2025-12-11 16:35:37,0.0698,0.3056,True,False,False,periodic
2025-12-11 16:35:38,0.2709,0.3056,True,False,False,periodic
2025-12-11 16:35:39,0.2502,0.2969,True,False,False,periodic
2025-12-11 16:35:40,0.2586,0.2819,True,False,False,periodic
2025-12-11 16:35:41,0.2619,0.2927,True,False,False,periodic
2025-12-11 16:35:42,0.2771,0.2966,True,False,False,periodic
2025-12-11 16:35:43,0.389,0.276,True,False,False,periodic
2025-12-11 16:35:44,0.0487,0.3061,True,False,False,periodic
2025-12-11 16:35:45,0.051,0.2926,True,False,False,periodic
2025-12-11 16:35:45,0.0533,0.3018,True,True,False,DROWSY_START
2025-12-11 16:35:45,0.2947,0.285,True,False,False,DROWSY_END
2025-12-11 16:35:46,0.2412,0.2709,True,False,False,periodic
2025-12-12 09:08:10,0.2313,0.3844,True,False,False,periodic
2025-12-12 09:08:11,0.3253,0.3321,True,False,False,periodic
2025-12-12 09:08:12,0.3245,0.3149,True,False,False,periodic
2025-12-12 09:08:13,0.269,0.3674,True,False,False,periodic
2025-12-12 09:08:14,0.2473,0.4098,True,False,False,periodic
2025-12-12 09:08:15,0.2006,0.7433,True,False,False,periodic
2025-12-12 09:08:16,0.1972,0.7378,True,False,True,YAWN_START
2025-12-12 09:08:16,0.225,0.5542,True,False,False,YAWN_END
2025-12-12 09:08:16,0.5356,0.3781,True,False,False,periodic
2025-12-12 09:08:17,0.3562,0.3406,True,False,False,periodic
2025-12-12 09:08:18,0.2028,0.2994,True,False,False,periodic
2025-12-12 09:09:01,0.3764,0.2462,True,False,False,periodic
2025-12-12 09:09:02,0.3176,0.2775,True,False,False,periodic
2025-12-12 09:09:03,0.2767,0.3285,True,False,False,periodic
2025-12-12 09:09:04,0.2994,0.2353,True,False,False,periodic
2025-12-12 09:09:05,0.2739,0.2472,True,False,False,periodic
2025-12-12 09:09:06,0.2477,0.2805,True,False,False,periodic
2025-12-12 09:09:07,0.1338,0.3417,True,False,False,periodic
2025-12-12 09:09:08,0.2762,0.3173,True,False,False,periodic
2025-12-12 09:09:09,0.0131,0.3472,True,False,False,periodic
2025-12-12 09:09:10,0.2377,0.3652,True,False,False,periodic
2025-12-12 09:09:11,0.2407,0.3476,True,True,False,DROWSY_START
2025-12-12 09:09:11,0.2118,0.3327,True,True,False,periodic
2025-12-12 09:09:12,0.2655,0.3079,True,False,False,DROWSY_END
2025-12-12 09:09:12,0.2337,0.3155,True,False,False,periodic
2025-12-12 09:09:13,0.3164,0.3297,True,False,False,periodic
2025-12-12 09:09:14,0.0688,0.3006,True,False,False,periodic
2025-12-12 09:09:15,0.2294,0.2999,True,False,False,periodic
2025-12-12 09:09:16,0.2336,0.2808,True,False,False,periodic
2025-12-12 09:09:17,0.2285,0.324,True,False,False,periodic
2025-12-12 09:09:58,0.482,0.3789,True,False,False,periodic
2025-12-12 09:09:59,0.257,0.2795,True,False,False,periodic
2025-12-12 09:10:00,0.2742,0.3984,True,False,False,periodic
2025-12-12 09:10:01,0.2491,0.5567,True,False,False,periodic
2025-12-12 09:10:02,0.2475,0.3732,True,False,False,periodic
2025-12-12 09:10:03,0.2886,0.32,True,False,False,periodic
2025-12-12 09:10:04,0.2815,0.3982,True,False,False,periodic
2025-12-12 09:10:05,0.263,0.3839,True,False,False,periodic
2025-12-12 09:10:06,0.259,0.327,True,False,False,periodic
2025-12-12 09:10:07,0.2774,0.3727,True,False,False,periodic
2025-12-12 09:10:08,0.2692,0.3643,True,False,False,periodic
2025-12-12 09:10:09,0.0357,0.3964,True,False,False,periodic
2025-12-12 09:10:10,0.2998,0.3067,True,False,False,periodic
2025-12-12 09:10:11,0.3221,0.2872,True,False,False,periodic
2025-12-12 09:10:12,0.0216,0.3315,True,False,False,periodic
2025-12-12 09:10:13,0.3084,0.332,True,False,False,periodic
2025-12-12 09:10:14,0.2218,0.3346,True,False,False,periodic
2025-12-13 10:16:49,0.3114,0.2251,True,False,False,periodic
2025-12-13 10:16:50,0.2964,0.223,True,False,False,periodic
2025-12-13 10:16:51,0.2564,0.2344,True,False,False,periodic
2025-12-13 10:16:52,0.0669,0.2367,True,False,False,periodic
2025-12-13 10:16:53,0.0489,0.2386,True,False,False,periodic
2025-12-13 10:16:54,0.0695,0.2215,True,False,False,periodic
2025-12-13 10:16:55,0.0526,0.2212,True,True,False,DROWSY_START
2025-12-13 10:16:55,0.0488,0.2195,True,True,False,periodic
2025-12-13 10:16:56,0.2533,0.2398,True,False,False,DROWSY_END
2025-12-13 10:16:56,0.2768,0.2212,True,False,False,periodic
2025-12-13 10:16:57,0.2697,0.2386,True,False,False,periodic
2025-12-13 10:16:58,0.2872,0.2411,True,False,False,periodic
2025-12-13 10:16:59,0.282,0.2359,True,False,False,periodic
2025-12-13 10:17:00,0.2785,0.2656,True,False,False,periodic
2025-12-13 10:17:01,0.2783,0.239,True,False,False,periodic
2025-12-13 10:17:02,0.2837,0.2447,True,False,False,periodic
2025-12-13 10:17:03,0.2871,0.2522,True,False,False,periodic
2025-12-13 10:17:04,0.3059,0.2424,True,False,False,periodic
2025-12-13 10:17:05,0.2116,0.533,True,False,False,periodic
2025-12-13 10:17:06,0.2486,0.6855,True,False,False,periodic
2025-12-13 10:17:07,0.2801,0.6442,True,False,True,YAWN_START
2025-12-13 10:17:07,0.3015,0.2738,True,False,False,YAWN_END
2025-12-13 10:17:08,0.2965,0.2995,True,False,False,periodic
2025-12-13 10:17:09,0.2943,0.3075,True,False,False,periodic
2025-12-13 10:17:10,0.3218,0.6172,True,False,False,periodic
2025-12-13 10:17:11,0.3199,0.3732,True,False,False,periodic
2025-12-13 10:17:12,0.3137,0.3677,True,False,False,periodic
2025-12-13 10:17:13,0.3053,0.3983,True,False,False,periodic
2025-12-13 10:17:14,0.2648,0.3434,True,False,False,periodic
2025-12-13 10:17:15,0.2937,0.392,True,False,False,periodic
2025-12-13 10:17:16,0.2996,0.4497,True,False,False,periodic
2025-12-13 10:17:17,0.2858,0.3314,True,False,False,periodic
2025-12-13 10:17:18,0.2987,0.3232,True,False,False,periodic
2025-12-13 10:17:19,0.3129,0.2356,True,False,False,periodic
2025-12-13 10:33:33,0.2715,0.3115,True,False,False,periodic
2025-12-13 10:33:34,0.2154,0.323,True,False,False,periodic
2025-12-13 11:52:59,0.2573,0.2465,True,False,False,periodic
2025-12-13 11:53:00,0.2862,0.3842,True,False,False,periodic
2025-12-13 11:53:01,0.2371,0.3708,True,False,False,periodic
2025-12-13 11:53:02,0.2883,0.3832,True,False,False,periodic
2025-12-13 11:53:03,0.2809,0.246,True,False,False,periodic
2025-12-13 11:53:04,0.2537,0.3613,True,False,False,periodic
2025-12-13 11:53:05,0.289,0.3592,True,False,False,periodic
2025-12-13 11:53:06,0.2768,0.356,True,False,False,periodic
2025-12-13 11:53:07,0.2777,0.3562,True,False,False,periodic
2025-12-13 11:53:08,0.2851,0.3472,True,False,False,periodic
2025-12-13 11:53:09,0.2636,0.3337,True,False,False,periodic
2025-12-13 11:53:10,0.2591,0.3687,True,False,False,periodic
2025-12-13 11:53:11,0.1468,0.3202,True,False,False,periodic
2025-12-13 11:53:12,0.27,0.3422,True,False,False,periodic
2025-12-13 11:53:13,0.2616,0.3513,True,False,False,periodic
2025-12-13 11:53:14,0.2907,0.4097,True,False,False,periodic
2025-12-13 11:53:15,0.2698,0.2906,True,False,False,periodic
2025-12-13 11:53:16,0.466,0.3932,True,False,False,periodic
2025-12-13 11:53:17,0.215,0.2737,True,False,False,periodic
2025-12-13 11:53:18,0.2983,0.3217,True,False,False,periodic
2025-12-13 11:53:19,0.0623,0.3159,True,False,False,periodic
2025-12-13 11:53:20,0.07,0.3049,True,False,False,periodic
2025-12-13 11:53:21,0.0686,0.3188,True,True,False,DROWSY_START
2025-12-13 11:53:22,0.2234,0.3288,True,True,False,periodic
2025-12-13 11:53:22,0.2648,0.3952,True,False,False,DROWSY_END
2025-12-13 11:53:23,0.2495,0.345,True,False,False,periodic
2025-12-13 11:53:24,0.1607,0.2607,True,False,False,periodic
2025-12-13 11:53:25,0.2611,0.4864,True,False,False,periodic
2025-12-13 11:53:26,0.2587,0.3597,True,False,False,periodic
2025-12-13 11:53:27,0.24,0.2622,True,False,False,periodic
2025-12-13 11:53:28,0.2503,0.3751,True,False,False,periodic
2025-12-13 11:53:29,0.1753,0.3168,True,False,False,periodic
2025-12-13 11:53:30,0.2612,0.3574,True,False,False,periodic
2025-12-13 11:53:31,0.2651,0.3863,True,False,False,periodic
2025-12-13 11:53:32,0.2793,0.425,True,False,False,periodic
2025-12-13 11:53:33,0.2335,0.3816,True,False,False,periodic
2025-12-13 11:53:34,0.2397,0.292,True,False,False,periodic
2025-12-13 11:53:35,0.2902,0.3873,True,False,False,periodic
2025-12-13 11:53:36,0.2315,0.3643,True,False,False,periodic
2025-12-13 11:53:37,0.2403,0.3259,True,False,False,periodic
2025-12-13 11:53:38,0.3347,0.3289,True,False,False,periodic
2025-12-13 11:53:39,0.3786,0.4223,True,False,False,periodic
2025-12-13 11:53:40,0.2741,0.3581,True,False,False,periodic
2025-12-13 11:53:41,0.4156,0.3642,True,False,False,periodic
2025-12-13 11:53:42,0.4276,0.4765,True,False,False,periodic
2025-12-13 11:53:43,0.6929,0.3859,True,False,False,periodic
2025-12-13 11:53:44,0.2009,0.3235,True,False,False,periodic
2025-12-13 11:53:45,0.2996,0.2778,True,False,False,periodic
2025-12-13 11:53:46,0.2837,0.2197,True,False,False,periodic
2025-12-13 11:54:16,0.246,0.3733,True,False,False,periodic
2025-12-13 11:54:17,0.2288,0.7167,True,False,False,periodic
2025-12-13 11:54:18,0.2404,0.6987,True,False,True,YAWN_START
2025-12-13 11:54:18,0.2294,0.5305,True,False,False,YAWN_END
2025-12-13 11:54:18,0.2506,0.354,True,False,False,periodic
2025-12-13 11:54:19,0.2643,0.3724,True,False,False,periodic
2025-12-13 11:54:20,0.259,0.3388,True,False,False,periodic
2025-12-13 11:54:21,0.2568,0.3163,True,False,False,periodic
2025-12-13 11:54:22,0.2772,0.3849,True,False,False,periodic
2025-12-13 11:54:23,0.2413,0.3602,True,False,False,periodic
2025-12-13 11:54:24,0.4365,0.4133,True,False,False,periodic
2025-12-13 11:54:25,0.2524,0.2921,True,False,False,periodic
2025-12-13 11:54:26,0.235,0.3035,True,False,False,periodic
2025-12-13 11:54:27,0.2615,0.3994,True,False,False,periodic
2025-12-13 11:54:28,0.2599,0.3881,True,False,False,periodic
2025-12-13 11:54:29,0.2617,0.2771,True,False,False,periodic
2025-12-13 11:54:30,0.2348,0.3278,True,False,False,periodic
2025-12-13 11:54:31,0.2627,0.3111,True,False,False,periodic
2025-12-13 11:54:32,0.2389,0.3718,True,False,False,periodic
2025-12-13 11:54:33,0.3106,0.3932,True,False,False,periodic
2025-12-13 11:54:34,0.479,0.3611,True,False,False,periodic
2025-12-13 11:54:35,0.2777,0.2772,True,False,False,periodic
2025-12-13 11:54:36,0.2506,0.3619,True,False,False,periodic
2025-12-13 11:54:37,0.2654,0.3482,True,False,False,periodic
2025-12-13 11:54:38,0.2505,0.4235,True,False,False,periodic
2025-12-13 11:54:39,0.2596,0.3817,True,False,False,periodic
2025-12-13 11:54:40,0.2823,0.3137,True,False,False,periodic
2025-12-13 11:54:41,0.2719,0.3874,True,False,False,periodic
2025-12-13 11:54:42,0.2765,0.3528,True,False,False,periodic
2025-12-13 11:54:43,0.2903,0.3713,True,False,False,periodic
2025-12-13 11:54:44,0.2639,0.2721,True,False,False,periodic
2025-12-13 11:54:45,0.2798,0.341,True,False,False,periodic
2025-12-13 11:54:46,0.2443,0.3571,True,False,False,periodic
2025-12-13 11:54:47,0.2466,0.413,True,False,False,periodic
2025-12-13 11:54:48,0.2734,0.3575,True,False,False,periodic
2025-12-13 11:54:49,0.2812,0.3814,True,False,False,periodic
2025-12-13 11:54:50,0.2567,0.3804,True,False,False,periodic
2025-12-13 11:54:51,0.2585,0.3869,True,False,False,periodic
2025-12-13 11:54:52,1.0844,0.5061,True,False,False,periodic
2025-12-13 11:54:53,0.27,0.4135,True,False,False,periodic
2025-12-13 11:54:54,0.2846,0.4157,True,False,False,periodic
2025-12-13 11:54:55,0.3001,0.3694,True,False,False,periodic
2025-12-13 11:54:56,0.2489,0.4135,True,False,False,periodic
2025-12-13 11:54:57,0.2589,0.3653,True,False,False,periodic
2025-12-13 11:54:58,0.8253,0.6127,True,False,False,periodic
2025-12-13 11:54:59,0.3056,0.3688,True,False,False,periodic
2025-12-13 11:55:00,0.2805,0.3483,True,False,False,periodic
2025-12-13 11:55:01,0.3049,0.3189,True,False,False,periodic
2025-12-13 11:55:02,0.284,0.3862,True,False,False,periodic
2025-12-13 11:55:03,0.6449,0.407,True,False,False,periodic
2026-01-21 19:31:53,0.2973,0.2723,True,False,False,periodic
2026-01-21 19:31:54,0.2837,0.6875,True,False,False,periodic
2026-01-21 19:31:55,0.2969,0.761,True,False,True,YAWN_START
2026-01-21 19:31:55,0.26,0.5881,True,False,False,YAWN_END
2026-01-21 19:31:56,0.2699,0.6729,True,False,False,periodic
2026-01-21 19:31:57,0.2382,0.2144,True,False,False,periodic
2026-01-21 19:31:58,0.2479,0.2102,True,False,False,periodic
2026-01-21 19:31:59,0.2375,0.2315,True,False,False,periodic
2026-01-21 19:32:00,0.2335,0.2468,True,False,False,periodic
2026-01-21 19:32:01,0.1945,0.2209,True,False,False,periodic
2026-01-21 19:32:02,0.2429,0.2314,True,False,False,periodic
2026-01-21 19:32:03,0.1666,0.6917,True,False,False,periodic
2026-01-21 19:32:04,0.1599,0.653,True,True,False,DROWSY_START
2026-01-21 19:32:04,0.1652,0.6979,True,True,False,periodic
2026-01-21 19:32:05,0.2133,0.6411,True,True,False,periodic
2026-01-21 19:32:06,0.2157,0.6396,True,True,True,YAWN_START
2026-01-21 19:32:06,0.2506,0.4416,True,False,False,YAWN_END
2026-01-21 19:32:06,0.2461,0.2269,True,False,False,periodic
2026-01-21 19:32:07,0.202,0.2493,True,False,False,periodic
2026-01-21 19:32:08,0.143,0.2085,True,False,False,periodic
2026-01-21 19:32:10,0.1686,0.247,True,True,False,DROWSY_START
2026-01-21 19:32:10,0.2048,0.2415,True,True,False,periodic
2026-01-21 19:32:11,0.2363,0.243,True,True,False,periodic
2026-01-21 19:32:11,0.2537,0.2544,True,False,False,DROWSY_END
2026-01-21 19:32:12,0.2452,0.2464,True,False,False,periodic
2026-01-21 19:32:13,0.2548,0.2744,True,False,False,periodic
2026-01-22 20:31:12,0.2461,0.3491,True,False,False,periodic
2026-01-22 20:31:13,0.242,0.357,True,False,False,periodic
2026-01-22 20:31:14,0.2329,0.3622,True,False,False,periodic
2026-01-22 20:31:15,0.2868,0.3808,True,False,False,periodic
2026-01-22 20:31:16,0.2331,0.3649,True,False,False,periodic
2026-01-22 20:31:17,0.2441,0.2663,True,False,False,periodic
2026-01-22 20:31:18,0.2427,0.3338,True,False,False,periodic
2026-01-22 20:31:19,0.3387,0.2925,True,False,False,periodic
2026-01-22 20:31:20,0.3613,0.3098,True,False,False,periodic
2026-01-22 20:31:21,0.1891,0.3195,True,False,False,periodic
2026-01-22 20:31:22,0.2653,0.321,True,False,False,periodic
2026-01-22 20:31:23,0.0846,0.3426,True,False,False,periodic
2026-01-22 20:31:24,0.1004,0.3119,True,False,False,periodic
2026-01-22 20:31:25,0.067,0.343,True,True,False,DROWSY_START
2026-01-22 20:31:25,0.0993,0.3573,True,True,False,periodic
2026-01-22 20:31:26,0.1945,0.3436,True,True,False,periodic
2026-01-22 20:31:27,0.2529,0.3375,True,False,False,DROWSY_END
2026-01-22 20:31:27,0.2522,0.3561,True,False,False,periodic
2026-01-22 20:31:28,0.27,0.3901,True,False,False,periodic
2026-01-22 20:31:29,0.0947,0.3254,True,False,False,periodic
2026-01-22 20:31:30,0.067,0.3232,True,False,False,periodic
2026-01-22 20:31:31,0.0993,0.3228,True,True,False,DROWSY_START
2026-01-22 20:31:32,0.1591,0.3415,True,True,False,periodic
2026-01-22 20:31:33,0.1945,0.3548,True,True,False,periodic
2026-01-22 20:31:33,0.2603,0.3667,True,False,False,DROWSY_END
2026-01-22 20:31:34,0.2442,0.3729,True,False,False,periodic
2026-01-22 20:31:35,0.2386,0.3949,True,False,False,periodic
2026-01-22 20:31:36,0.1736,0.6858,True,False,False,periodic
2026-01-22 20:31:37,0.1901,0.7123,True,False,True,YAWN_START
2026-01-22 20:31:37,0.1545,0.7089,True,True,True,DROWSY_START
2026-01-22 20:31:38,0.1173,0.5671,True,True,False,YAWN_END
2026-01-22 20:31:38,0.1502,0.5693,True,True,False,periodic
2026-01-22 20:31:39,0.2359,0.3781,True,True,False,periodic
2026-01-22 20:31:39,0.254,0.3518,True,False,False,DROWSY_END
2026-01-22 20:31:40,0.2284,0.2907,True,False,False,periodic
2026-01-22 20:31:41,0.2008,0.3662,True,False,False,periodic
2026-01-22 20:31:42,0.2088,0.3332,True,True,False,DROWSY_START
2026-01-22 20:31:42,0.1785,0.3344,True,True,False,periodic
2026-01-22 20:31:43,0.2141,0.304,True,True,False,periodic
2026-01-22 20:31:44,0.2029,0.2837,True,True,False,periodic
2026-01-22 20:31:45,0.2116,0.3164,True,True,False,periodic
2026-01-22 20:31:46,0.2102,0.2921,True,True,False,periodic
2026-01-22 20:31:47,0.2078,0.3534,True,True,False,periodic
2026-01-22 20:31:48,0.2094,0.3234,True,True,False,periodic
2026-01-22 20:31:49,0.2127,0.2688,True,True,False,periodic
2026-01-22 20:31:50,0.2343,0.3228,True,True,False,periodic
2026-01-22 20:31:51,0.214,0.3321,True,True,False,periodic
2026-01-22 20:31:52,0.1863,0.3171,True,True,False,periodic
2026-01-22 20:31:53,0.2108,0.3771,True,True,False,periodic
2026-01-22 20:32:22,0.2231,0.3322,True,True,False,DROWSY_START
2026-01-22 20:32:23,0.2306,0.3109,True,True,False,periodic
2026-01-22 20:32:23,0.2578,0.3261,True,False,False,DROWSY_END
2026-01-22 20:32:24,0.24,0.2954,True,False,False,periodic
2026-01-22 20:32:25,0.2263,0.2896,True,False,False,periodic
2026-01-22 20:32:26,0.2348,0.3307,True,False,False,periodic
2026-01-22 20:32:27,0.2101,0.3003,True,True,False,DROWSY_START
2026-01-22 20:32:27,0.2773,0.3363,True,False,False,DROWSY_END
2026-01-22 20:32:27,0.247,0.3543,True,False,False,periodic
2026-01-22 20:32:28,0.1023,0.3275,True,False,False,periodic
2026-01-22 20:32:29,0.2123,0.3617,True,False,False,periodic
2026-01-22 20:32:30,0.2263,0.3342,True,True,False,DROWSY_START
2026-01-22 20:32:30,0.2809,0.3313,True,False,False,DROWSY_END
2026-01-22 20:32:30,0.2831,0.3433,True,False,False,periodic
2026-01-22 20:32:31,0.0838,0.3598,True,False,False,periodic
2026-01-22 20:32:32,0.1151,0.3415,True,False,False,periodic
2026-01-22 20:32:34,0.0583,0.3284,True,True,False,DROWSY_START
2026-01-22 20:32:34,0.0984,0.3026,True,True,False,periodic
2026-01-22 20:32:35,0.1087,0.2997,True,True,False,periodic
2026-01-22 20:32:36,0.1564,0.3392,True,True,False,periodic
2026-01-22 20:32:37,0.1976,0.317,True,True,False,periodic
2026-01-22 20:32:38,0.1068,0.3015,True,True,False,periodic
2026-01-22 20:32:39,0.0861,0.24,True,True,False,periodic
2026-01-22 20:32:40,0.1327,0.2639,True,True,False,periodic
2026-01-22 20:32:41,0.2026,0.2683,True,True,False,periodic
2026-01-22 20:32:42,0.0268,0.2965,True,True,False,periodic
2026-01-22 20:32:43,0.1581,0.4116,True,True,False,periodic
2026-01-22 20:32:44,0.2031,0.852,True,True,False,periodic
2026-01-22 20:32:45,0.1678,0.7273,True,True,True,YAWN_START
2026-01-22 20:32:45,0.1581,0.7024,True,True,True,periodic
2026-01-22 20:32:45,0.1472,0.5667,True,True,False,YAWN_END
2026-01-22 20:32:46,0.1832,0.3326,True,True,False,periodic
2026-01-22 20:32:47,0.1974,0.3219,True,True,False,periodic
2026-01-22 20:32:48,0.2303,0.3194,True,True,False,periodic
2026-01-22 20:32:49,0.2207,0.3379,True,True,False,periodic
2026-01-22 20:32:50,0.2086,0.4513,True,True,False,periodic
2026-01-22 20:32:51,0.1863,0.6851,True,True,False,periodic
2026-01-22 20:32:52,0.1971,0.7016,True,True,True,YAWN_START
2026-01-22 20:32:53,0.1491,0.6629,True,True,True,periodic
2026-01-22 20:32:53,0.1776,0.5995,True,True,False,YAWN_END
2026-01-22 20:32:54,0.1769,0.4844,True,True,False,periodic
2026-01-22 20:32:55,0.2225,0.2524,True,True,False,periodic
2026-01-22 20:32:55,0.2571,0.2604,True,False,False,DROWSY_END
2026-01-22 20:32:56,0.2205,0.241,True,False,False,periodic
2026-01-22 20:32:57,0.2431,0.2959,True,False,False,periodic
2026-01-22 20:32:58,0.2389,0.3072,True,False,False,periodic
2026-01-22 20:32:59,0.2013,0.3228,True,False,False,periodic
2026-01-22 20:33:00,0.242,0.2666,True,False,False,periodic
2026-01-22 20:33:00,0.2256,0.2688,True,True,False,DROWSY_START
2026-01-22 20:33:01,0.2556,0.3112,True,False,False,DROWSY_END
2026-01-22 20:33:01,0.2486,0.2803,True,False,False,periodic
2026-01-22 20:33:02,0.1623,0.4348,True,False,False,periodic
2026-01-22 20:33:03,0.2086,0.498,True,False,False,periodic
2026-01-22 20:33:04,0.2075,0.5278,True,True,False,DROWSY_START
2026-01-22 20:33:05,0.2203,0.5374,True,True,False,periodic
2026-01-22 20:33:06,0.2047,0.387,True,True,False,periodic
2026-01-22 20:33:07,0.2129,0.4758,True,True,False,periodic
2026-01-22 20:33:08,0.1781,0.4143,True,True,False,periodic
2026-01-22 20:33:09,0.2453,0.3111,True,True,False,periodic
2026-01-22 20:33:10,0.2091,0.3131,True,True,False,periodic
2026-01-22 20:33:11,0.196,0.3442,True,True,False,periodic
2026-01-22 20:33:12,0.2183,0.3408,True,True,False,periodic
2026-01-22 20:33:13,0.2232,0.2581,True,True,False,periodic
2026-01-22 20:33:14,0.2057,0.2148,True,True,False,periodic
2026-01-22 20:33:15,0.2144,0.2251,True,True,False,periodic
2026-01-22 20:33:16,0.2231,0.2906,True,True,False,periodic
2026-01-22 20:33:17,0.2314,0.2981,True,True,False,periodic
2026-01-22 20:33:18,0.1888,0.3149,True,True,False,periodic
2026-01-22 20:33:19,0.1942,0.2649,True,True,False,periodic
2026-01-22 20:33:20,0.2073,0.314,True,True,False,periodic
2026-03-12 13:39:57,0.2116,0.2289,True,False,False,periodic
2026-03-12 13:39:58,0.285,0.2773,True,False,False,periodic
2026-03-12 13:39:59,0.1876,0.2816,True,False,False,periodic
2026-03-12 13:40:00,0.1634,0.2793,True,False,False,periodic
2026-03-12 13:40:01,0.1548,0.2701,True,True,False,DROWSY_START
2026-03-12 13:40:01,0.2279,0.2512,True,True,False,periodic
2026-03-12 13:40:02,0.2505,0.2471,True,False,False,DROWSY_END
2026-03-12 13:40:02,0.1457,0.2686,True,False,False,periodic
2026-03-12 13:40:03,0.2187,0.2759,True,False,False,periodic
2026-03-12 13:40:04,0.2145,0.2201,True,False,False,periodic
2026-03-12 13:40:05,0.1723,0.8169,True,False,False,periodic
2026-03-12 13:40:06,0.1621,0.9135,True,False,True,YAWN_START
2026-03-12 13:40:07,0.1639,0.8096,True,False,True,periodic
2026-03-12 13:40:07,0.1759,0.7831,True,True,True,DROWSY_START
2026-03-12 13:40:07,0.21,0.5781,True,True,False,YAWN_END
2026-03-12 13:40:08,0.1382,0.3127,True,True,False,periodic
2026-03-12 13:40:09,0.2143,0.3042,True,True,False,periodic
2026-03-12 13:40:10,0.1877,0.286,True,True,False,periodic
2026-03-12 13:40:11,0.1916,0.6745,True,True,False,periodic
2026-03-12 13:40:12,0.193,0.7761,True,True,True,YAWN_START
2026-03-12 13:40:12,0.1698,0.7399,True,True,True,periodic
2026-03-12 13:40:13,0.1725,0.8649,True,True,True,periodic
2026-03-12 13:40:14,0.2508,0.8339,True,False,True,DROWSY_END
2026-03-12 13:40:14,0.2759,0.7825,True,False,True,periodic
2026-03-12 13:40:15,0.2494,0.5911,True,False,False,YAWN_END
2026-03-12 13:40:15,0.2416,0.3708,True,False,False,periodic
2026-03-12 13:40:16,0.186,0.243,True,False,False,periodic
2026-03-12 13:40:18,0.2462,0.2578,True,True,False,DROWSY_START
2026-03-12 13:40:18,0.2556,0.2629,True,False,False,DROWSY_END
2026-03-12 13:40:18,0.2258,0.2632,True,False,False,periodic
2026-03-12 13:40:19,0.2472,0.2731,True,False,False,periodic
2026-03-12 13:40:20,0.2732,0.2985,True,False,False,periodic
2026-03-12 13:40:21,0.2557,0.5769,True,False,False,periodic
2026-03-12 13:40:22,0.2101,0.8871,True,False,False,periodic
2026-03-12 13:40:22,0.2221,0.8796,True,False,True,YAWN_START
2026-03-12 13:40:23,0.2154,0.7975,True,False,True,periodic
2026-03-12 13:40:24,0.232,0.8132,True,True,True,DROWSY_START
2026-03-12 13:40:24,0.2697,0.876,True,False,True,DROWSY_END
2026-03-12 13:40:25,0.2011,0.6501,True,False,True,periodic
2026-03-12 13:40:25,0.172,0.5747,True,False,False,YAWN_END
2026-03-12 13:40:26,0.2015,0.2685,True,False,False,periodic
2026-03-12 13:40:27,0.2265,0.2476,True,True,False,DROWSY_START
2026-03-12 13:40:27,0.2174,0.2594,True,True,False,periodic
2026-03-12 13:40:27,0.2632,0.2721,True,False,False,DROWSY_END
2026-03-12 13:40:28,0.2086,0.2545,True,False,False,periodic
2026-03-12 13:40:29,0.223,0.2592,True,False,False,periodic
2026-03-12 13:40:30,0.2058,0.2678,True,True,False,DROWSY_START
2026-03-24 09:18:12,0.2454,0.32,True,False,False,periodic
2026-03-24 09:18:13,0.2329,0.3403,True,False,False,periodic
2026-03-24 09:18:14,0.2539,0.3755,True,False,False,periodic
2026-03-24 11:37:55,0.2234,0.3024,True,False,False,periodic
2026-03-24 11:37:56,0.2487,0.2099,True,False,False,periodic
2026-03-24 11:37:57,0.2353,0.8491,True,False,False,periodic
2026-03-24 11:37:59,0.2168,0.7819,True,False,True,YAWN_START
2026-03-24 11:37:59,0.1857,0.4692,True,False,False,YAWN_END
2026-03-24 11:37:59,0.2151,0.3486,True,False,False,periodic
2026-03-24 11:38:00,0.2423,0.328,True,False,False,periodic
2026-03-24 11:38:01,0.2272,0.8518,True,False,False,periodic
2026-03-24 11:38:02,0.2471,0.801,True,False,True,YAWN_START
2026-03-24 11:38:02,0.1846,0.5887,True,False,False,YAWN_END
2026-03-24 11:38:02,0.2355,0.3412,True,False,False,periodic
2026-03-24 11:38:03,0.3527,0.4308,True,False,False,periodic
2026-03-24 11:38:04,0.2311,0.2448,True,False,False,periodic
2026-03-24 11:38:05,0.2216,0.5765,True,False,False,periodic
2026-03-24 11:38:06,0.2598,0.367,True,False,False,periodic
2026-03-24 11:38:07,0.2872,0.6366,True,False,False,periodic
2026-03-24 11:38:08,0.1698,0.6817,True,False,False,periodic
2026-03-24 11:38:09,0.2301,0.3582,True,False,False,periodic
2026-03-24 11:38:10,0.0898,0.337,True,False,False,periodic
2026-03-24 11:38:11,0.325,0.3422,True,False,False,periodic
2026-03-24 11:38:12,0.3442,0.3364,True,False,False,periodic
2026-03-24 11:38:13,0.4134,0.3961,True,False,False,periodic
2026-03-24 11:38:14,0.2984,0.3217,True,False,False,periodic
2026-03-24 11:38:15,0.2914,0.278,True,False,False,periodic
2026-03-24 11:38:16,0.2717,0.8023,True,False,False,periodic
2026-03-24 11:38:17,0.1587,0.6391,True,False,True,YAWN_START
2026-03-24 11:38:17,0.2127,0.3549,True,False,False,YAWN_END
2026-03-24 11:38:17,0.2517,0.3576,True,False,False,periodic
2026-03-24 11:38:18,0.2471,0.3312,True,False,False,periodic
2026-03-24 11:38:19,0.1818,0.3149,True,False,False,periodic
2026-03-24 11:38:20,0.2041,0.2719,True,False,False,periodic
2026-03-24 11:38:21,0.3612,0.2679,True,False,False,periodic
2026-03-24 11:38:22,0.2603,0.2324,True,False,False,periodic
2026-03-24 11:38:23,0.3604,0.3434,True,False,False,periodic
2026-03-24 11:38:24,0.0268,0.3173,True,False,False,periodic
2026-03-24 11:38:25,0.0381,0.3283,True,False,False,periodic
2026-03-24 11:38:26,0.2233,0.3452,True,True,False,DROWSY_START
2026-03-24 11:38:26,0.2541,0.2992,True,False,False,DROWSY_END
2026-03-24 11:38:27,0.227,0.3201,True,False,False,periodic
2026-03-24 11:38:28,0.5582,0.4774,True,False,False,periodic
2026-03-24 11:38:29,0.8617,0.4863,True,False,False,periodic
2026-03-24 11:38:30,0.0522,0.3087,True,False,False,periodic
2026-03-24 11:38:31,0.0571,0.2969,True,False,False,periodic
2026-03-24 11:38:32,0.0582,0.297,True,True,False,DROWSY_START
2026-03-24 11:38:32,0.2148,0.3472,True,True,False,periodic
2026-03-24 11:38:32,0.3129,0.3842,True,False,False,DROWSY_END
2026-03-24 11:38:33,0.171,0.3263,True,False,False,periodic
2026-03-24 11:38:34,0.1789,0.3153,True,False,False,periodic
2026-03-24 11:38:35,0.2703,0.3208,True,False,False,periodic
2026-03-24 11:38:36,0.1011,0.3523,True,False,False,periodic
2026-03-24 12:21:01,0.2461,0.405,True,False,False,periodic
2026-03-24 12:21:02,0.2408,0.4184,True,False,False,periodic
2026-03-24 12:21:03,0.2038,0.4043,True,False,False,periodic
2026-03-24 12:21:04,0.0299,0.3992,True,True,False,DROWSY_START
2026-03-24 12:21:04,0.2548,0.4647,True,False,False,DROWSY_END
2026-03-24 12:21:05,0.2722,0.3694,True,False,False,periodic
2026-03-24 12:21:06,0.2415,0.4423,True,False,False,periodic
2026-03-24 12:21:07,0.2462,0.4637,True,False,False,periodic
2026-03-24 12:21:08,0.2091,0.3136,True,False,False,periodic
2026-03-24 12:21:09,0.2388,0.3311,True,False,False,periodic
2026-03-24 12:21:10,0.231,0.4683,True,False,False,periodic
2026-03-24 12:21:11,0.2529,0.3761,True,False,False,periodic
2026-03-24 12:21:12,0.2479,0.4624,True,False,False,periodic
2026-03-24 12:21:13,0.2606,0.4429,True,False,False,periodic
2026-03-24 12:21:14,0.2311,0.4673,True,False,False,periodic
2026-03-24 12:21:15,0.2131,0.3904,True,False,False,periodic
2026-03-24 12:21:16,0.254,0.4295,True,False,False,periodic
2026-03-24 12:21:17,0.3052,0.435,True,False,False,periodic
2026-03-24 12:21:18,0.2616,0.3325,True,False,False,periodic
2026-03-24 12:21:19,0.2406,0.4699,True,False,False,periodic
2026-03-24 12:21:20,0.2449,0.3824,True,False,False,periodic
2026-03-24 12:21:21,0.2301,0.4243,True,False,False,periodic
2026-03-24 12:21:22,0.0474,0.3477,True,False,False,periodic
2026-03-24 12:21:23,0.0298,0.3516,True,False,False,periodic
2026-03-24 12:21:24,0.0388,0.3563,True,True,False,DROWSY_START
2026-03-24 12:21:24,0.2277,0.3416,True,True,False,periodic
2026-03-24 12:21:24,0.2515,0.3503,True,False,False,DROWSY_END
2026-03-24 12:21:25,0.2291,0.4211,True,False,False,periodic
2026-03-24 12:21:26,0.2165,0.4292,True,False,False,periodic
2026-03-24 12:21:27,0.2489,0.3814,True,True,False,DROWSY_START
2026-03-24 12:21:27,0.0328,0.3381,True,True,False,periodic
2026-03-24 12:21:28,0.2365,0.4426,True,True,False,periodic
2026-03-24 12:21:30,0.2567,0.3886,True,False,False,DROWSY_END
2026-03-24 12:21:30,0.2096,0.3906,True,False,False,periodic
2026-03-24 12:21:32,0.1454,0.4461,True,True,False,DROWSY_START
2026-03-24 12:21:32,0.2605,0.4162,True,False,False,DROWSY_END
2026-03-24 12:21:33,0.2366,0.4602,True,False,False,periodic
2026-03-24 12:21:34,0.2777,0.4629,True,False,False,periodic
2026-03-24 12:21:35,0.29,0.45,True,False,False,periodic
2026-03-24 12:21:36,0.2467,0.3966,True,False,False,periodic
2026-03-24 12:21:37,0.6109,0.4218,True,False,False,periodic
2026-03-24 12:21:38,0.225,0.5681,True,False,False,periodic
2026-03-24 12:21:39,0.2011,0.9444,True,False,True,YAWN_START
2026-03-24 12:21:40,0.1868,0.7403,True,True,True,DROWSY_START
2026-03-24 12:21:40,0.2128,0.4511,True,True,False,YAWN_END
2026-03-24 12:21:41,0.1988,0.3586,True,True,False,periodic
2026-03-24 12:21:42,0.2704,0.4646,True,False,False,DROWSY_END
2026-03-24 12:21:42,0.2426,0.3972,True,False,False,periodic
2026-03-24 12:21:43,0.2147,0.4579,True,False,False,periodic
2026-03-24 12:21:44,0.2333,0.4667,True,False,False,periodic
2026-03-24 12:21:45,0.234,0.468,True,False,False,periodic
2026-03-24 12:21:46,0.2086,0.4161,True,True,False,DROWSY_START
2026-03-24 12:21:46,0.2245,0.3911,True,True,False,periodic
2026-03-24 12:21:47,0.2145,0.4461,True,True,False,periodic
2026-03-24 12:21:48,0.2223,0.2769,True,True,False,periodic
2026-03-24 12:21:49,0.2278,0.373,True,True,False,periodic
2026-03-24 12:21:50,0.2425,0.4161,True,True,False,periodic
2026-03-24 12:21:51,0.2514,0.4163,True,False,False,DROWSY_END
2026-03-24 12:21:51,0.2541,0.3905,True,False,False,periodic
2026-03-24 12:21:52,0.223,0.3492,True,False,False,periodic
2026-03-24 12:21:53,0.2424,0.1904,True,False,False,periodic
2026-03-24 12:21:54,0.2451,0.2836,True,False,False,periodic
